Price,rooms,price_per_m2,level,levels,year,area_total,area_living,area_kitchen,street,publish_date
140000.0,2.0,2258.0,7.0,9.0,1969.0,62.0,47.0,9.0,Омеляновича-Павленка,3 вересня 2020 р.
105000.0,4.0,847.0,25.0,26.0,2018.0,124.0,71.0,16.0,,7 жовтня 2020 р.
175000.0,3.0,1786.0,25.0,26.0,2010.0,98.0,,,Ованеса Туманяна,1 жовтня 2020 р.
30970.0,1.0,1106.0,12.0,13.0,2013.0,28.0,13.0,5.0,Петропавлівська,1 лютого
82000.0,2.0,1281.0,18.0,26.0,,64.0,,,Дніпровська,
168535.7,3.0,1872.6,4.0,9.0,1966.0,90.0,45.0,10.0,Саксаганського,28 жовтня 2020 р.
4500000.0,4.0,14610.0,18.0,21.0,2011.0,308.0,,,Івана Мазепи,19 жовтня 2020 р.
135000.0,2.0,2077.0,16.0,23.0,2012.0,65.0,25.0,18.0,Дніпровська,1 вересня 2020 р.
120000.0,1.0,2500.0,8.0,25.0,2012.0,48.0,18.0,16.0,Ділова,12 жовтня 2020 р.
57500.0,3.0,625.0,9.0,9.0,1970.0,92.0,,,Новодарницька,5 жовтня 2020 р.
98000.0,2.0,1633.0,21.0,34.0,2014.0,60.0,41.0,27.0,Ревуцького,24 січня
170000.0,3.0,1735.0,16.0,22.0,2018.0,98.0,48.0,35.0,Липківського,8 липня 2020 р.
320000.0,5.0,1963.0,23.0,25.0,2017.0,163.0,100.0,14.0,Бендукідзе,11 січня
65000.0,1.0,2600.0,1.0,3.0,,25.0,20.0,3.0,Введенська,30 листопада 2020 р.
125000.0,2.0,2778.0,6.0,9.0,1965.0,45.0,,,Виноградний,11 лютого
48000.0,1.0,849.0,22.0,25.0,,,40.0,10.0,Кайсарова,
70000.0,1.0,1273.0,26.0,27.0,2004.0,55.0,22.0,12.0,Ахматової,3 лютого
75000.0,3.0,1005.0,4.0,26.0,,,,,Радченка,
84000.0,2.0,1273.0,6.0,26.0,,66.0,,18.0,Дніпровська,
175000.0,1.0,1725.8,7.0,25.0,2012.0,,,,Ділова,21 січня
63000.0,3.0,900.0,7.0,10.0,1987.0,70.0,44.0,,Бориспільська,16 січня
390000.0,3.0,3000.0,11.0,28.0,2013.0,130.0,48.0,66.0,Болсуновська,12 березня 2018 р.
335000.0,3.0,3160.0,24.0,28.0,2017.0,106.0,55.0,24.0,Українки,20 лютого
320000.0,3.0,3137.0,15.0,24.0,2016.0,102.0,70.0,20.0,Антонова,19 червня 2020 р.
140000.0,2.0,2258.0,7.0,9.0,1969.0,62.0,47.0,9.0,Омеляновича-Павленка,3 вересня 2020 р.
105000.0,4.0,847.0,25.0,26.0,2018.0,124.0,71.0,16.0,,7 жовтня 2020 р.
175000.0,3.0,1786.0,25.0,26.0,2010.0,98.0,,,Ованеса Туманяна,1 жовтня 2020 р.
30970.0,1.0,1106.0,12.0,13.0,2013.0,28.0,13.0,5.0,Петропавлівська,1 лютого
82000.0,2.0,1281.0,18.0,26.0,,64.0,,,Дніпровська,
168535.7,3.0,1872.6,4.0,9.0,1966.0,90.0,45.0,10.0,Саксаганського,28 жовтня 2020 р.
4500000.0,4.0,14610.0,18.0,21.0,2011.0,308.0,,,Івана Мазепи,19 жовтня 2020 р.
135000.0,2.0,2077.0,16.0,23.0,2012.0,65.0,25.0,18.0,Дніпровська,1 вересня 2020 р.
120000.0,1.0,2500.0,8.0,25.0,2012.0,48.0,18.0,16.0,Ділова,12 жовтня 2020 р.
57500.0,3.0,625.0,9.0,9.0,1970.0,92.0,,,Новодарницька,5 жовтня 2020 р.
98000.0,2.0,1633.0,21.0,34.0,2014.0,60.0,41.0,27.0,Ревуцького,24 січня
170000.0,3.0,1735.0,16.0,22.0,2018.0,98.0,48.0,35.0,Липківського,8 липня 2020 р.
320000.0,5.0,1963.0,23.0,25.0,2017.0,163.0,100.0,14.0,Бендукідзе,11 січня
65000.0,1.0,2600.0,1.0,3.0,,25.0,20.0,3.0,Введенська,30 листопада 2020 р.
125000.0,2.0,2778.0,6.0,9.0,1965.0,45.0,,,Виноградний,11 лютого
48000.0,1.0,849.0,22.0,25.0,,,40.0,10.0,Кайсарова,
70000.0,1.0,1273.0,26.0,27.0,2004.0,55.0,22.0,12.0,Ахматової,3 лютого
75000.0,3.0,1005.0,4.0,26.0,,,,,Радченка,
84000.0,2.0,1273.0,6.0,26.0,,66.0,,18.0,Дніпровська,
175000.0,1.0,1725.8,7.0,25.0,2012.0,,,,Ділова,21 січня
63000.0,3.0,900.0,7.0,10.0,1987.0,70.0,44.0,,Бориспільська,16 січня
390000.0,3.0,3000.0,11.0,28.0,2013.0,130.0,48.0,66.0,Болсуновська,12 березня 2018 р.
335000.0,3.0,3160.0,24.0,28.0,2017.0,106.0,55.0,24.0,Українки,20 лютого
320000.0,3.0,3137.0,15.0,24.0,2016.0,102.0,70.0,20.0,Антонова,19 червня 2020 р.
118000.0,2.0,1311.0,15.0,25.0,1959.0,90.0,41.0,13.0,Науки,18 травня 2020 р.
159990.0,4.0,1437.0,6.0,10.0,2016.0,,,30.0,Метрологічна,30 листопада 2020 р.
85000.0,3.0,1417.0,2.0,5.0,1961.0,60.0,44.0,6.0,Дружби Народів,23 вересня 2020 р.
155022.2,1.0,2541.3,,,,61.0,,,,
590000.0,3.0,5900.0,,,,100.0,,,Драгомирова,23 квітня 2020 р.
84000.0,2.0,1333.0,2.0,16.0,2016.0,63.0,32.0,15.0,Данченка,21 травня 2020 р.
35000.0,2.0,778.0,1.0,2.0,,45.0,,,Кримська,
63000.0,2.0,969.0,4.0,25.0,,65.0,31.0,13.0,Новопольова,
40000.0,2.0,870.0,3.0,5.0,1963.0,46.0,30.0,8.0,Туполєва,8 лютого
42654.8,1.0,1375.9,,,,31.0,,,,
60000.0,1.0,1463.0,2.0,26.0,,41.0,,,Дніпровська,
130000.0,2.0,1625.0,6.0,25.0,2010.0,80.0,,14.0,Перемоги,17 лютого
346500.0,2.0,4500.0,7.0,24.0,2019.0,77.0,38.0,20.0,Івана Федорова,7 липня 2020 р.
46998.0,2.0,1000.0,5.0,5.0,1968.0,47.0,35.0,8.0,Братиславська,27 листопада 2020 р.
10092.1,1.0,672.8,,,,15.0,,,,
29256.6,1.0,978.5,1.0,5.0,,,,,Червоноткацька,
166000.0,1.0,3532.0,2.0,9.0,,47.0,22.0,16.0,Златоустівська,
115000.0,4.0,1369.0,5.0,9.0,1970.0,84.0,35.0,9.0,Бойченка,15 лютого 2014 р.
298000.0,3.0,2249.0,11.0,23.0,2016.0,,,,Трускавецька,12 січня
43100.0,1.0,1390.0,8.0,26.0,2018.0,31.0,16.0,5.0,Каховська,24 листопада 2020 р.
179900.0,4.0,1475.0,19.0,27.0,2010.0,122.0,,,Лобановського,23 жовтня 2019 р.
96255.3,1.0,1504.0,,,,64.0,,,,
56500.0,3.0,926.0,6.0,9.0,1970.0,61.0,40.0,7.0,Курчатова,12 листопада 2020 р.
110000.0,1.0,1930.0,19.0,25.0,2008.0,57.0,,,Голосіївська,29 жовтня 2020 р.
47000.0,1.0,1146.0,5.0,16.0,1990.0,41.0,10.0,16.0,Тираспольська,28 січня
90000.0,2.0,2195.0,1.0,9.0,,41.0,28.0,6.0,Лаврська,17 лютого
44980.0,1.0,1249.0,19.0,25.0,2017.0,36.0,16.0,14.0,Правди,26 січня
58000.0,4.0,921.0,5.0,9.0,1968.0,63.0,40.0,7.0,Миколайчука,19 лютого
63000.0,3.0,863.0,5.0,9.0,1982.0,73.0,41.0,9.0,Порика,22 лютого
29256.6,1.0,978.5,1.0,5.0,,,,,Червоноткацька,
136000.0,1.0,3022.0,6.0,23.0,2015.0,45.0,15.0,17.0,Маккейна,8 листопада 2020 р.
73860.0,2.0,1319.0,5.0,9.0,,56.0,30.0,9.0,Йорданська,11 листопада 2020 р.
160000.0,2.0,2712.0,18.0,24.0,2019.0,59.0,,20.0,Тютюнника,17 серпня 2020 р.
135000.0,3.0,1588.0,8.0,10.0,2015.0,85.0,49.0,12.0,Регенераторна,2 лютого
120000.0,1.0,2400.0,12.0,23.0,2015.0,50.0,18.0,15.0,Зарічна,21 жовтня 2020 р.
58990.0,1.0,1450.0,3.0,34.0,,,16.0,10.0,Заболотного,
90000.0,4.0,1059.0,4.0,10.0,1994.0,85.0,,,Курнатовського,20 лютого
187000.0,3.0,,2.0,5.0,1934.0,,,,Інститутська,3 листопада 2016 р.
88000.0,2.0,1222.0,16.0,25.0,2020.0,72.0,,15.0,Маланюка,
102000.0,2.0,1619.0,10.0,16.0,2019.0,63.0,26.0,22.0,Гречка,
110000.0,1.0,1833.0,14.0,24.0,2018.0,60.0,21.0,15.0,Липківського,2 вересня 2020 р.
160000.0,2.0,3077.0,3.0,24.0,2015.0,52.0,13.0,18.0,Маккейна,11 серпня 2016 р.
225000.0,5.0,1500.0,23.0,24.0,2008.0,150.0,78.0,18.0,Григоренка,13 листопада 2020 р.
75000.0,2.0,1562.0,4.0,9.0,1966.0,48.0,30.0,7.0,Коновальця,29 січня
59860.0,3.0,798.0,3.0,9.0,,75.0,40.0,9.0,Закревського,24 лютого
43161.0,2.0,732.0,13.0,18.0,,59.0,30.0,16.0,,вчора о 11:40
140000.0,2.0,1842.0,13.0,18.0,1991.0,76.0,39.0,,Старонаводницька,10 лютого 2014 р.
78000.0,1.0,1418.0,7.0,26.0,,55.0,15.0,18.0,Маланюка,
230000.0,2.0,2771.0,6.0,7.0,1915.0,83.0,45.0,11.0,Заньковецької,20 липня 2020 р.
178000.0,2.0,2373.0,2.0,16.0,,75.0,,21.0,Кудрявська,
63000.0,3.0,900.0,23.0,23.0,,70.0,35.0,14.0,,
495000.0,3.0,4420.0,11.0,32.0,2017.0,112.0,45.0,54.0,Українки,23 січня 2020 р.
45900.0,2.0,478.0,31.0,34.0,,96.0,62.0,16.0,,
33000.0,1.0,1000.0,14.0,24.0,,33.0,16.0,5.0,Милославська,
66500.0,3.0,1147.0,3.0,5.0,1961.0,58.0,42.0,7.0,Донця,15 вересня 2020 р.
119900.0,3.0,1462.0,8.0,12.0,2002.0,82.0,48.0,14.0,Верховинця,2 вересня 2020 р.
145000.0,4.0,1381.0,1.0,9.0,1977.0,105.0,80.0,12.0,Героїв Дніпра,30 червня 2020 р.
118000.0,3.0,1494.0,17.0,25.0,2018.0,79.0,36.0,35.0,Каховська,26 серпня 2020 р.
41000.0,1.0,1323.0,21.0,26.0,2018.0,31.0,12.0,8.0,Каховська,5 лютого
59899.0,2.0,1070.0,8.0,10.0,1995.0,56.0,34.0,8.0,Вишняківська,15 травня 2020 р.
177000.0,2.0,2565.0,3.0,4.0,,69.0,41.0,8.0,Липська,
63000.0,1.0,1286.0,11.0,25.0,2019.0,49.0,16.0,16.0,Сверстюка,4 березня 2020 р.
499000.0,3.0,4229.0,,,,118.0,,,Драгомирова,21 вересня 2020 р.
49500.0,1.0,1269.0,19.0,26.0,,39.0,17.0,11.0,Причальна,
275000.0,2.0,4435.0,22.0,28.0,2013.0,62.0,30.0,20.0,Болсуновська,8 жовтня 2020 р.
93000.0,3.0,1336.0,13.0,14.0,1994.0,,48.0,,Повітрофлотський,12 жовтня 2020 р.
87500.0,2.0,1306.0,20.0,25.0,2015.0,67.0,37.0,14.0,Драгоманова,15 грудня 2020 р.
110000.0,3.0,1325.0,4.0,24.0,2008.0,83.0,,30.0,Григоренка,23 жовтня 2020 р.
900000.0,4.0,3600.0,23.0,24.0,2012.0,250.0,,,Дніпровська,10 вересня 2019 р.
86000.0,1.0,2205.0,3.0,8.0,2014.0,39.0,,,Жабаєва,1 липня 2020 р.
335000.0,3.0,2577.0,9.0,14.0,2014.0,130.0,60.0,60.0,Філатова,25 червня 2020 р.
67000.0,2.0,971.0,3.0,26.0,2021.0,69.0,25.0,21.0,Правди,
90000.0,2.0,1800.0,4.0,4.0,1896.0,50.0,,6.0,Малопідвальна,19 липня 2018 р.
101500.0,1.0,2307.0,8.0,11.0,,44.0,22.0,13.0,Бойчука,
104000.0,3.0,1169.0,18.0,26.0,,89.0,,40.0,Зарічна,
190000.0,2.0,3167.0,9.0,21.0,2017.0,60.0,,25.0,Предславинська,15 лютого
3600000.0,6.0,8000.0,25.0,25.0,2011.0,450.0,288.0,45.0,Івана Мазепи,28 лютого
63000.0,2.0,1033.0,10.0,26.0,,61.0,28.0,12.0,Радченка,
680000.0,7.0,2369.0,21.0,21.0,2010.0,287.0,177.0,,Лабораторний,6 вересня 2018 р.
139000.0,2.0,1829.0,20.0,21.0,2018.0,76.0,31.0,19.0,Конєва,12 серпня 2020 р.
347700.0,4.0,1900.0,4.0,25.0,2011.0,183.0,100.0,17.0,Шаповала,24 липня 2020 р.
85000.0,2.0,1328.0,4.0,24.0,,64.0,30.0,20.0,Дніпровська,
35600.0,1.0,989.0,10.0,26.0,,36.0,15.0,12.0,Клеманська,
85000.0,3.0,1133.0,9.0,15.0,1999.0,75.0,42.0,8.0,Григоренка,8 лютого
46000.0,1.0,1022.0,4.0,5.0,1963.0,45.0,,10.0,Туполєва,7 грудня 2020 р.
125000.0,2.0,2358.0,3.0,4.0,1860.0,53.0,42.0,5.0,Хмельницького,3 вересня 2015 р.
530000.0,3.0,3926.0,4.0,15.0,2017.0,135.0,50.0,40.0,Саперне Поле,25 червня 2020 р.
229000.0,3.0,2140.0,7.0,25.0,2007.0,107.0,50.0,,Героїв Сталінграда,2 березня 2016 р.
117000.0,3.0,1401.0,14.0,26.0,,,,,Дніпровська,
110000.0,2.0,2000.0,3.0,9.0,1971.0,55.0,,,Тарасівська,13 жовтня 2020 р.
92900.0,3.0,1021.0,4.0,5.0,1956.0,91.0,56.0,11.0,Краківська,23 липня 2020 р.
77500.0,1.0,1845.0,5.0,9.0,2018.0,42.0,17.0,15.0,Юнацька,21 січня 2020 р.
40500.0,1.0,1067.0,4.0,26.0,,,,,Клеманська,
136000.0,3.0,1462.0,2.0,16.0,1998.0,93.0,50.0,28.0,Героїв Сталінграда,12 січня
499000.0,3.0,4229.0,,,,118.0,,,Драгомирова,21 вересня 2020 р.
220000.0,2.0,2619.0,3.0,8.0,1948.0,84.0,52.0,13.0,,31 серпня 2020 р.
125000.0,3.0,1147.0,23.0,26.0,2011.0,109.0,83.0,16.0,Драгоманова,6 жовтня 2020 р.
100000.0,2.0,1818.0,,,1958.0,55.0,,,Українки,2 листопада 2020 р.
80000.0,1.0,2581.0,22.0,25.0,2018.0,31.0,14.0,14.0,Тимошенка,25 лютого
57000.0,3.0,851.0,5.0,9.0,1985.0,67.0,,,Маяковського,30 грудня 2020 р.
170000.0,2.0,1932.0,3.0,9.0,2005.0,88.0,44.0,22.0,Дмитрівська,10 червня 2020 р.
59750.0,2.0,996.0,14.0,15.0,1980.0,60.0,53.0,10.0,Курбаса,30 жовтня 2020 р.
42678.6,1.0,1094.3,16.0,16.0,,39.0,12.0,14.0,Комарова,
92000.0,2.0,1227.0,2.0,25.0,2015.0,75.0,38.0,15.0,Драгоманова,20 червня 2020 р.
115000.0,2.0,1597.0,4.0,32.0,2019.0,72.0,,14.0,Драгомирова,6 лютого
54000.0,1.0,1227.0,18.0,25.0,2019.0,44.0,,,Моторний,16 січня
45500.0,1.0,929.0,2.0,9.0,1995.0,49.0,14.0,24.0,Милославська,7 лютого
91500.0,1.0,2288.0,11.0,11.0,2020.0,40.0,20.0,12.0,Бойчука,
60500.0,3.0,818.0,4.0,9.0,1990.0,74.0,,,Закревського,2 червня 2020 р.
250000.0,1.0,4630.0,7.0,25.0,2019.0,54.0,15.0,20.0,Івана Федорова,20 червня 2020 р.
78000.0,2.0,1773.0,3.0,9.0,1966.0,44.0,,,Філатова,17 березня 2020 р.
130000.0,2.0,1625.0,6.0,25.0,2010.0,80.0,,14.0,Перемоги,17 лютого
84999.0,4.0,885.0,7.0,16.0,1986.0,96.0,,13.0,Миропільська,11 лютого 2014 р.
83000.0,3.0,856.0,1.0,22.0,2007.0,97.0,65.0,14.0,Григоренка,13 серпня 2020 р.
129999.0,2.0,2063.0,6.0,9.0,2018.0,63.0,30.0,15.0,Юнацька,22 лютого
70000.0,3.0,729.0,4.0,4.0,1946.0,96.0,,,Вишгородська,3 липня 2020 р.
36000.0,1.0,1200.0,5.0,9.0,,30.0,13.0,10.0,Жолудєва,
210000.0,3.0,1409.0,7.0,12.0,2001.0,149.0,87.0,16.0,Павлівська,8 вересня 2020 р.
85900.0,3.0,1263.0,6.0,8.0,1964.0,68.0,47.0,6.0,Голосіївський,1 вересня 2020 р.
108000.0,1.0,2160.0,2.0,25.0,2019.0,50.0,30.0,10.0,Осокорська,14 січня
120000.0,3.0,1395.0,10.0,24.0,,86.0,40.0,17.0,Вишгородська,
221000.0,2.0,3400.0,8.0,10.0,,65.0,,,Драгомирова,
60000.0,1.0,1818.0,5.0,5.0,1962.0,33.0,,16.0,Тютюнника,16 листопада 2020 р.
165000.0,2.0,2845.0,6.0,24.0,2015.0,58.0,25.0,22.0,Маккейна,13 серпня 2020 р.
200000.0,5.0,1481.0,4.0,4.0,1917.0,135.0,,,Івана Мазепи,21 березня 2020 р.
145000.0,2.0,1933.0,5.0,24.0,2007.0,75.0,44.0,14.0,Героїв Сталінграда,17 березня 2020 р.
199000.0,3.0,2488.0,2.0,25.0,2018.0,80.0,33.0,22.0,Липківського,18 грудня 2020 р.
186117.4,1.0,3579.2,,,,52.0,,,,
199000.0,2.0,2073.0,10.0,25.0,2005.0,96.0,43.0,16.0,Коновальця,2 вересня 2020 р.
50700.0,1.0,1300.0,6.0,14.0,2019.0,39.0,25.0,8.0,Максимовича,26 січня
185000.0,2.0,2256.0,5.0,21.0,2015.0,82.0,61.0,12.0,Зарічна,6 жовтня 2020 р.
152000.0,2.0,1667.0,24.0,25.0,2008.0,,41.0,,Голосіївська,22 серпня 2020 р.
92000.0,3.0,965.0,1.0,25.0,,,48.0,16.0,Ясинуватський,
49387.4,1.0,881.9,,,,56.0,,,,
56500.0,1.0,1749.0,5.0,7.0,2019.0,,21.0,5.0,Колоса,
80000.0,1.0,2105.0,11.0,21.0,2017.0,38.0,12.0,15.0,Правди,8 липня 2020 р.
480000.0,4.0,2609.0,5.0,6.0,1915.0,184.0,108.0,34.0,Велика Васильківська,14 лютого 2014 р.
59000.0,2.0,1157.0,2.0,12.0,1981.0,51.0,,,Голосіївський,25 січня
149632.1,1.0,3183.6,,,,47.0,,,,
147075.0,2.0,2228.0,9.0,11.0,,66.0,,,Бойчука,
86860.0,2.0,905.0,10.0,10.0,2017.0,96.0,44.0,23.0,Центральна,20 листопада 2020 р.
97000.0,2.0,1260.0,16.0,22.0,2018.0,77.0,,,Ясинуватський,30 червня 2020 р.
55000.0,2.0,1222.0,13.0,16.0,1980.0,45.0,,11.0,Райдужна,сьогодні о 08:45
138000.0,2.0,1811.0,3.0,15.0,2014.0,,,,Ломоносова,11 січня
105000.0,2.0,1504.0,4.0,25.0,2014.0,,,,,8 квітня 2019 р.
66016.1,1.0,1784.2,,,,37.0,,,,
284000.0,2.0,2812.0,7.0,11.0,2004.0,101.0,,,Гусовського,25 вересня 2018 р.
155000.0,3.0,1550.0,13.0,23.0,2006.0,100.0,,,Окіпної,24 листопада 2020 р.
49899.0,1.0,1386.0,1.0,9.0,1978.0,36.0,18.0,7.0,Багговутівська,10 січня
95000.0,2.0,1696.0,9.0,9.0,1966.0,56.0,34.0,8.0,Дружби Народів,19 листопада 2020 р.
380000.0,3.0,3585.0,9.0,21.0,2019.0,106.0,,,Маккейна,7 липня 2020 р.
46000.0,2.0,913.0,1.0,4.0,,,30.0,12.0,Маланюка,
60150.0,1.0,1504.0,21.0,26.0,,40.0,14.0,20.0,Михайла Котельникова,
185000.0,3.0,1745.0,8.0,25.0,2016.0,106.0,,38.0,Героїв Севастополя,6 листопада 2020 р.
81000.0,2.0,964.0,18.0,26.0,2020.0,84.0,37.0,17.0,Маланюка,
620000.0,3.0,4769.0,4.0,15.0,2017.0,130.0,66.0,16.0,Саперне Поле,24 січня 2020 р.
48700.0,1.0,991.0,19.0,25.0,,,,,Балтійський,
234000.0,3.0,2000.0,7.0,15.0,,117.0,76.0,12.0,Кудрявська,
135000.0,2.0,2523.0,28.0,34.0,2018.0,,,,Перемоги,19 листопада 2020 р.
130000.0,2.0,2600.0,1.0,5.0,1964.0,50.0,,12.0,Німанська,11 лютого 2020 р.
54100.0,1.0,1339.0,4.0,26.0,2018.0,,,,Каховська,15 грудня 2020 р.
239000.0,3.0,3025.0,3.0,7.0,1954.0,79.0,44.0,13.0,Малопідвальна,23 серпня 2019 р.
140000.0,2.0,2188.0,10.0,14.0,,64.0,34.0,15.0,Невська,
128000.0,2.0,2612.0,5.0,14.0,2015.0,49.0,14.0,17.0,Златоустівська,13 липня 2020 р.
31000.0,1.0,1107.0,9.0,9.0,1986.0,28.0,13.0,6.0,,25 грудня 2020 р.
41187.0,1.0,936.0,3.0,13.0,,44.0,19.0,11.0,Берковецька,
120000.0,3.0,1188.0,11.0,16.0,1998.0,101.0,,14.0,Бажана,19 серпня 2020 р.
740000.0,1.0,2772.0,20.0,24.0,2019.0,267.0,150.0,75.0,Антоновича,25 листопада 2020 р.
180000.0,3.0,2400.0,3.0,8.0,1990.0,75.0,41.0,9.0,,9 лютого
63000.0,3.0,900.0,1.0,9.0,1973.0,70.0,41.0,8.0,Гречка,26 серпня 2020 р.
126000.0,2.0,1658.0,15.0,32.0,2020.0,76.0,41.0,14.0,Микільсько-Слобідська,26 червня 2020 р.
80000.0,2.0,1067.0,6.0,26.0,,75.0,27.0,21.0,Правди,
98000.0,1.0,1750.0,,,2018.0,56.0,22.0,19.0,Тимошенка,11 лютого
150000.0,2.0,1807.0,16.0,23.0,2003.0,83.0,,,Павла Тичини,27 січня
100000.0,3.0,1000.0,8.0,17.0,2003.0,100.0,64.0,14.0,Олевська,25 вересня 2020 р.
120000.0,3.0,1237.0,2.0,21.0,2016.0,97.0,52.0,20.0,Освіти,17 листопада 2020 р.
41000.0,1.0,1464.0,9.0,9.0,1969.0,28.0,17.0,5.0,Іллєнка,29 січня
135000.0,1.0,1552.0,15.0,22.0,2012.0,87.0,15.0,40.0,Дніпровська,16 липня 2020 р.
155000.0,3.0,1742.0,4.0,4.0,1917.0,89.0,,13.0,Івана Мазепи,20 січня
90000.0,3.0,1286.0,5.0,16.0,1974.0,70.0,46.0,7.0,Українки,20 січня
132000.0,2.0,1347.0,1.0,6.0,2016.0,98.0,32.0,18.0,Данченка,12 червня 2020 р.
230000.0,,4600.0,,,,50.0,,,Драгомирова,7 червня 2019 р.
185000.0,3.0,2011.0,18.0,25.0,2017.0,92.0,,,Тбіліський,21 березня 2020 р.
70500.0,2.0,1203.0,20.0,26.0,2020.0,,28.0,,Каховська,28 січня
87000.0,3.0,915.0,9.0,19.0,2019.0,,52.0,,Ушинського,15 серпня 2020 р.
185000.0,3.0,1637.0,8.0,24.0,2007.0,113.0,,,Урлівська,6 жовтня 2020 р.
49860.0,2.0,997.0,2.0,9.0,1974.0,50.0,30.0,6.0,Світлицького,14 липня 2020 р.
100000.0,2.0,1408.0,15.0,23.0,2007.0,71.0,30.0,12.0,Дніпровська,16 червня 2020 р.
90000.0,1.0,1800.0,3.0,25.0,,50.0,25.0,,Липківського,
152000.0,2.0,1949.0,14.0,30.0,2020.0,78.0,37.0,12.0,Микільсько-Слобідська,17 вересня 2020 р.
159900.0,3.0,1259.0,15.0,25.0,2007.0,127.0,77.0,,Лобановського,25 лютого
280000.0,3.0,2137.0,8.0,9.0,2005.0,131.0,75.0,25.0,Героїв Сталінграда,21 березня 2020 р.
85000.0,1.0,1545.0,6.0,25.0,2007.0,55.0,24.0,13.0,Дніпровська,9 січня
67000.0,2.0,1098.0,13.0,15.0,1994.0,61.0,31.0,9.0,Драгоманова,15 грудня 2020 р.
59000.0,1.0,1224.0,16.0,25.0,2010.0,,,,Ахматової,22 вересня 2020 р.
420000.0,2.0,4667.0,5.0,18.0,2017.0,90.0,,,Саперне Поле,1 травня 2020 р.
65000.0,2.0,1048.0,15.0,17.0,2018.0,62.0,34.0,12.0,Данченка,10 липня 2020 р.
63000.0,3.0,1125.0,5.0,5.0,1965.0,56.0,42.0,6.0,Голосіївський,1 липня 2020 р.
95000.0,1.0,2568.0,5.0,11.0,1967.0,37.0,22.0,7.0,,25 січня
100000.0,2.0,1562.0,8.0,20.0,,64.0,31.0,18.0,Глибочицька,
165000.0,4.0,1213.0,11.0,12.0,2019.0,136.0,100.0,30.0,Багговутівська,11 серпня 2020 р.
150000.0,3.0,2239.0,3.0,5.0,1917.0,67.0,42.0,,Саксаганського,13 лютого
64000.0,2.0,914.0,7.0,25.0,,70.0,36.0,10.0,Моторний,
73860.0,2.0,1319.0,5.0,9.0,,56.0,30.0,9.0,Йорданська,11 листопада 2020 р.
295000.0,2.0,4275.0,5.0,15.0,2019.0,69.0,49.0,20.0,Саперне Поле,17 листопада 2020 р.
55000.0,1.0,965.0,10.0,25.0,2018.0,57.0,20.0,16.0,Вернадського,сьогодні о 18:16
79900.0,3.0,1051.0,7.0,10.0,1997.0,76.0,40.0,12.0,Курбаса,18 грудня 2020 р.
100000.0,1.0,2273.0,3.0,11.0,2019.0,44.0,,10.0,Багговутівська,29 вересня 2020 р.
122000.0,2.0,1679.0,4.0,9.0,,,,,Набережно-Рибальська,
145000.0,2.0,1933.0,4.0,4.0,1899.0,75.0,42.0,10.0,Саксаганського,11 серпня 2020 р.
133000.0,3.0,1385.0,20.0,25.0,2015.0,96.0,50.0,16.0,Малиновського,9 вересня 2020 р.
143000.0,3.0,1486.0,4.0,9.0,2011.0,,40.0,30.0,Протасів Яр,6 грудня 2019 р.
62000.0,2.0,1378.0,2.0,5.0,1968.0,45.0,30.0,7.0,Німанська,20 січня
95000.0,3.0,1397.0,3.0,9.0,,68.0,40.0,8.0,Підвисоцького,
38000.0,1.0,1152.0,4.0,9.0,1970.0,33.0,17.0,8.0,Зодчих,28 жовтня 2020 р.
52500.0,2.0,1050.0,9.0,9.0,1973.0,50.0,30.0,,Рокосовського,1 лютого
229000.0,2.0,3181.0,5.0,6.0,1935.0,72.0,42.0,10.0,Шовковична,10 червня 2020 р.
62000.0,1.0,1550.0,7.0,26.0,2017.0,40.0,17.0,11.0,Крушельницької,1 лютого
70000.0,2.0,1006.0,23.0,25.0,,,,,Новопольова,
45000.0,1.0,1125.0,11.0,26.0,,40.0,17.0,10.0,Визволителів,
70000.0,3.0,875.0,5.0,6.0,,80.0,54.0,8.0,Сонячна,
158000.0,2.0,2135.0,24.0,25.0,2014.0,74.0,38.0,15.0,Сікорського,5 січня
58900.0,2.0,950.0,14.0,25.0,,62.0,,12.0,Радченка,
104700.0,1.0,2380.0,14.0,19.0,2020.0,44.0,18.0,11.0,Бульварно-Кудрявська,
37000.0,1.0,925.0,11.0,25.0,,40.0,,10.0,Кайсарова,
85000.0,2.0,1328.0,4.0,24.0,,64.0,30.0,20.0,Дніпровська,
46000.0,3.0,767.0,1.0,5.0,1965.0,60.0,40.0,8.0,Перова,28 жовтня 2020 р.
150000.0,3.0,1500.0,4.0,25.0,2016.0,100.0,53.0,15.0,Глушкова,сьогодні о 06:52
52500.0,2.0,1050.0,9.0,9.0,1973.0,50.0,30.0,,Рокосовського,1 лютого
120000.0,2.0,1379.0,20.0,25.0,2013.0,87.0,40.0,20.0,Саперно-Слобідська,26 серпня 2020 р.
38000.0,1.0,1118.0,4.0,9.0,1979.0,34.0,18.0,7.0,Миколи Кибальчича,3 грудня 2020 р.
45000.0,3.0,750.0,9.0,9.0,1980.0,60.0,40.0,7.0,Миколи Ушакова,28 жовтня 2020 р.
250000.0,3.0,1538.0,10.0,22.0,2001.0,,50.0,20.0,Антоновича,13 липня 2020 р.
185000.0,3.0,1745.0,18.0,25.0,2014.0,106.0,,,Богданівська,28 грудня 2020 р.
68000.0,2.0,1030.0,10.0,26.0,2020.0,66.0,27.0,24.0,,
57000.0,1.0,1295.0,9.0,25.0,2019.0,44.0,,16.0,Сверстюка,28 жовтня 2019 р.
52500.0,2.0,721.0,7.0,25.0,2021.0,,30.0,18.0,Ревуцького,
250000.0,4.0,1923.0,7.0,22.0,2010.0,130.0,50.0,50.0,Ованеса Туманяна,13 листопада 2020 р.
540000.0,4.0,4000.0,4.0,14.0,2019.0,135.0,,,Саперне Поле,7 липня 2020 р.
120000.0,3.0,945.0,12.0,16.0,1997.0,127.0,,14.0,Григоренка,11 березня 2020 р.
55999.0,1.0,1400.0,13.0,14.0,2020.0,40.0,22.0,6.0,Гречка,
68800.0,3.0,1110.0,2.0,12.0,1977.0,62.0,40.0,8.0,Богатирська,27 лютого
120000.0,2.0,2400.0,19.0,22.0,2009.0,50.0,,,Білоруська,11 лютого 2014 р.
94000.0,1.0,2043.0,1.0,9.0,,46.0,,,Регенераторна,
65500.0,1.0,1770.0,20.0,27.0,2019.0,37.0,14.0,9.0,Вишняківська,22 грудня 2020 р.
50000.0,2.0,1087.0,16.0,16.0,1982.0,46.0,26.0,8.0,Гонгадзе,3 липня 2019 р.
52500.0,1.0,1117.0,15.0,25.0,2019.0,47.0,15.0,18.0,Правди,2 листопада 2020 р.
64980.0,4.0,812.0,4.0,9.0,1969.0,80.0,56.0,7.0,Кольцова,4 вересня 2019 р.
115000.0,2.0,1643.0,13.0,17.0,2014.0,70.0,32.0,12.0,Воскресенська,9 грудня 2020 р.
200000.0,2.0,2564.0,14.0,20.0,2005.0,78.0,38.0,19.0,Руставелі,18 березня 2015 р.
484000.0,2.0,3569.0,2.0,24.0,2010.0,,,,Голосіївський,2 березня 2016 р.
79000.0,1.0,1775.0,5.0,18.0,2015.0,,,15.0,Комбінатна,20 лютого
45000.0,2.0,1000.0,5.0,5.0,1960.0,45.0,31.0,6.0,Салютна,16 січня
78000.0,1.0,1418.0,7.0,26.0,,55.0,15.0,18.0,Маланюка,
91999.0,3.0,1000.0,1.0,5.0,1958.0,92.0,48.0,27.0,Ромоданова,13 лютого 2020 р.
128000.0,1.0,2510.0,2.0,9.0,2015.0,51.0,15.0,25.0,Саперне Поле,13 листопада 2020 р.
38700.0,1.0,900.0,18.0,25.0,,43.0,15.0,16.0,Сім’ї Кульженків,
95000.0,2.0,1557.0,3.0,5.0,1960.0,61.0,,,Лабораторна,8 лютого
77000.0,1.0,1426.0,16.0,24.0,2015.0,54.0,22.0,11.0,Драгоманова,11 лютого
52990.0,1.0,1162.0,7.0,22.0,,,19.0,20.0,,
330000.0,3.0,2357.0,2.0,9.0,2000.0,140.0,,,Кудрявська,28 лютого 2020 р.
83000.0,2.0,1107.0,10.0,26.0,2019.0,75.0,30.0,27.0,Краківська,25 січня
105000.0,2.0,1721.0,12.0,12.0,2008.0,61.0,27.0,26.0,Кольцова,29 листопада 2020 р.
225000.0,2.0,4500.0,8.0,23.0,2019.0,50.0,,,Антоновича,6 грудня 2019 р.
62000.0,2.0,954.0,3.0,19.0,2001.0,65.0,,,Лариси Руденко,10 лютого
90000.0,4.0,811.0,1.0,14.0,2008.0,111.0,72.0,12.0,Івана Пулюя,17 липня 2020 р.
215000.0,3.0,2389.0,2.0,5.0,1959.0,90.0,40.0,10.0,Українки,14 червня 2018 р.
137000.0,3.0,1575.0,1.0,9.0,1970.0,87.0,59.0,13.0,Тютюнника,5 вересня 2020 р.
36000.0,1.0,1000.0,9.0,9.0,1980.0,36.0,19.0,7.0,Юрія Смолича,27 грудня 2020 р.
195000.0,4.0,1931.0,6.0,24.0,2014.0,101.0,70.0,15.0,Оболонський,21 вересня 2019 р.
60000.0,3.0,882.0,7.0,16.0,1975.0,68.0,44.0,8.0,Курбаса,7 жовтня 2020 р.
87000.0,2.0,1338.0,16.0,17.0,2002.0,65.0,,13.0,Верховинця,15 січня
185000.0,2.0,2256.0,5.0,21.0,2015.0,82.0,61.0,12.0,Зарічна,6 жовтня 2020 р.
210000.0,2.0,2442.0,9.0,23.0,2012.0,86.0,42.0,21.0,Дніпровська,19 вересня 2017 р.
135000.0,2.0,1776.0,11.0,25.0,2011.0,76.0,45.0,12.0,Коломийський,11 січня
84000.0,3.0,944.0,8.0,26.0,,89.0,43.0,18.0,Правди,
160000.0,3.0,2000.0,21.0,25.0,2018.0,80.0,,,Каховська,28 грудня 2020 р.
292000.0,3.0,2454.0,10.0,11.0,,119.0,,17.0,Бойчука,
53000.0,1.0,1104.0,8.0,25.0,,48.0,14.0,19.0,Правди,
115000.0,1.0,2738.0,6.0,24.0,2019.0,42.0,,,Маккейна,8 лютого
90900.0,1.0,1748.0,14.0,36.0,,52.0,,14.0,Перемоги,
2100000.0,3.0,7292.0,7.0,11.0,2007.0,288.0,150.0,35.0,Грушевського,28 січня 2019 р.
980000.0,6.0,2761.0,7.0,7.0,2010.0,355.0,320.0,33.0,Срібнокільська,7 листопада 2019 р.
91260.0,1.0,1738.0,29.0,36.0,,,17.0,,Перемоги,
118000.0,2.0,1573.0,16.0,22.0,2010.0,75.0,32.0,12.0,Урлівська,14 квітня 2020 р.
84100.0,2.0,1294.0,22.0,32.0,,65.0,34.0,14.0,Заболотного,
79700.0,1.0,2952.0,23.0,23.0,2012.0,27.0,15.0,5.0,Максимовича,19 жовтня 2020 р.
220000.0,4.0,1746.0,16.0,23.0,2004.0,126.0,80.0,,Бажана,27 травня 2020 р.
155000.0,2.0,2214.0,9.0,10.0,2014.0,70.0,,,Сікорського,2 листопада 2020 р.
40000.0,1.0,1176.0,10.0,16.0,1973.0,34.0,,8.0,Курбаса,25 серпня 2020 р.
68500.0,1.0,1593.0,11.0,27.0,,43.0,14.0,16.0,Дніпровська,
720000.0,4.0,4500.0,,,,160.0,,,Драгомирова,7 червня 2019 р.
64000.0,2.0,1231.0,3.0,12.0,1983.0,52.0,30.0,9.0,,13 листопада 2020 р.
44000.0,2.0,1023.0,5.0,5.0,1960.0,43.0,27.0,6.0,Антонова,14 вересня 2020 р.
63000.0,3.0,1086.0,7.0,9.0,,58.0,40.0,7.0,Бучми,
64500.0,3.0,935.0,7.0,9.0,1970.0,69.0,45.0,10.0,Кубанської України,4 грудня 2020 р.
100000.0,2.0,1408.0,15.0,23.0,2007.0,71.0,30.0,12.0,Дніпровська,16 червня 2020 р.
249999.0,3.0,2500.0,17.0,25.0,2017.0,100.0,,,Панельна,12 січня
270000.0,4.0,1525.0,17.0,25.0,2005.0,177.0,112.0,18.0,Коновальця,13 червня 2018 р.
52000.0,1.0,1238.0,4.0,4.0,,42.0,17.0,14.0,Богатирська,
50000.0,1.0,1562.0,9.0,9.0,1977.0,32.0,17.0,7.0,Оболонський,21 березня 2020 р.
465000.0,4.0,3019.0,18.0,25.0,2005.0,154.0,,,Українки,12 лютого
125000.0,3.0,1623.0,3.0,24.0,2015.0,77.0,42.0,,Бориса Гмирі,8 липня 2020 р.
84000.0,2.0,1000.0,19.0,25.0,,84.0,37.0,23.0,Правди,
69000.0,1.0,1643.0,8.0,10.0,2018.0,42.0,12.0,20.0,Центральна,
70000.0,2.0,1446.0,6.0,9.0,1968.0,,30.0,8.0,Преображенська,23 вересня 2020 р.
260000.0,4.0,1781.0,24.0,24.0,2018.0,146.0,,,Коновальця,27 лютого
124860.0,2.0,2230.0,5.0,5.0,1959.0,56.0,30.0,9.0,Українки,6 грудня 2019 р.
135000.0,4.0,1688.0,5.0,5.0,1959.0,80.0,55.0,15.0,,2 серпня 2019 р.
170000.0,3.0,2068.0,4.0,5.0,1910.0,,,,Велика Васильківська,25 січня
84000.0,1.0,1680.0,12.0,26.0,2018.0,50.0,16.0,16.0,Липківського,14 травня 2020 р.
612500.0,5.0,2300.0,10.0,11.0,,,,38.0,Бойчука,
46500.0,2.0,1257.0,5.0,5.0,1962.0,37.0,22.0,7.0,Васильківська,12 листопада 2020 р.
129000.0,3.0,1162.0,21.0,25.0,2007.0,111.0,58.0,14.0,Данькевича,вчора о 10:50
89332.9,3.0,1146.5,1.0,4.0,,,,,Богатирська,
99000.0,3.0,1375.0,9.0,10.0,1977.0,72.0,,,Українки,14 квітня 2020 р.
117000.0,3.0,1603.0,9.0,16.0,,73.0,29.0,11.0,Гречка,
1035900.0,5.0,4504.0,4.0,8.0,2016.0,230.0,75.0,78.0,Редутна,30 вересня 2020 р.
132000.0,3.0,1650.0,22.0,24.0,2015.0,80.0,,,Бориса Гмирі,15 жовтня 2020 р.
340000.0,3.0,2833.0,2.0,18.0,2010.0,120.0,,20.0,Драгомирова,16 лютого
31000.0,1.0,1192.0,2.0,5.0,1965.0,26.0,,6.0,Туполєва,11 лютого
55000.0,3.0,859.0,1.0,9.0,1971.0,64.0,41.0,,Кондратюка,27 січня
43000.0,2.0,915.0,1.0,9.0,1971.0,47.0,30.0,7.0,Мінський,1 лютого
235000.0,4.0,1728.0,8.0,24.0,2007.0,136.0,81.0,17.0,Княжий Затон,1 вересня 2017 р.
105900.0,1.0,1925.0,22.0,26.0,2016.0,55.0,,,Герцена,4 грудня 2020 р.
49700.0,1.0,1012.0,19.0,25.0,2020.0,,18.0,18.0,Балтійський,28 лютого 2020 р.
110000.0,3.0,1000.0,10.0,17.0,2010.0,110.0,61.0,16.0,Ернста,23 квітня 2020 р.
275000.0,2.0,3929.0,6.0,25.0,2010.0,70.0,,25.0,Шаповала,18 лютого
220000.0,2.0,3607.0,2.0,5.0,,61.0,30.0,10.0,Городецького,7 грудня 2020 р.
30000.0,1.0,602.0,22.0,25.0,,,,,Сім'ї Сосніних,
140000.0,1.0,2729.0,10.0,12.0,,,,,Івана Мазепи,8 серпня 2020 р.
132500.0,2.0,1636.0,15.0,22.0,2012.0,81.0,37.0,16.0,Червоноткацька,2 квітня 2020 р.
50000.0,1.0,1667.0,5.0,5.0,1962.0,30.0,16.0,5.0,,25 січня
225000.0,3.0,2022.0,11.0,25.0,2008.0,,,,Голосіївська,1 вересня 2020 р.
165000.0,2.0,2324.0,2.0,4.0,1895.0,71.0,47.0,8.0,,19 лютого 2020 р.
65000.0,2.0,970.0,24.0,25.0,2019.0,67.0,34.0,11.0,Миколи Гулака,вчора о 17:55
230000.0,2.0,4107.0,3.0,25.0,2019.0,56.0,,,Івана Федорова,19 лютого 2020 р.
205000.0,1.0,3796.0,13.0,14.0,2017.0,54.0,18.0,25.0,Саперне Поле,7 липня 2020 р.
33071.4,1.0,718.9,24.0,25.0,,46.0,25.0,12.0,Миколи Хвильового,
777500.0,3.0,4494.0,3.0,13.0,2003.0,173.0,111.0,19.0,Паторжинського,29 листопада 2019 р.
128500.0,3.0,988.0,23.0,24.0,2014.0,130.0,90.0,15.0,Наумовича,20 жовтня 2020 р.
80000.0,2.0,1404.0,25.0,25.0,2010.0,57.0,24.0,19.0,Калнишевського,сьогодні о 18:00
100500.0,2.0,1378.0,16.0,26.0,,,,,Дніпровська,
149000.0,1.0,3170.0,3.0,9.0,,47.0,,,Електриків,
95000.0,1.0,2317.0,14.0,25.0,2018.0,41.0,,,Солом'янська,24 лютого
159000.0,2.0,2446.0,4.0,4.0,1898.0,65.0,15.0,30.0,Шевченка,21 березня 2020 р.
68000.0,2.0,1259.0,14.0,16.0,1982.0,54.0,,,Озерна,26 вересня 2019 р.
89400.0,3.0,1090.0,9.0,15.0,1998.0,82.0,42.0,14.0,Григоренка,20 жовтня 2020 р.
330000.0,3.0,2674.0,4.0,24.0,2016.0,,56.0,,Антонова,21 квітня 2020 р.
229000.0,3.0,1684.0,2.0,24.0,2013.0,136.0,72.0,20.0,Голосіївський,12 листопада 2020 р.
67000.0,1.0,1426.0,16.0,16.0,2016.0,47.0,,,Комарова,12 грудня 2020 р.
66500.0,2.0,1279.0,9.0,10.0,1989.0,52.0,29.0,8.0,Борщагівська,28 жовтня 2020 р.
480000.0,4.0,3200.0,20.0,23.0,2009.0,150.0,84.0,16.0,Шевченка,22 липня 2020 р.
74000.0,1.0,1762.0,3.0,16.0,,42.0,,,Максимовича,
175000.0,3.0,1842.0,10.0,25.0,2011.0,95.0,52.0,11.0,Ковальський,5 лютого 2016 р.
159000.0,2.0,2092.0,20.0,24.0,2016.0,76.0,37.0,,Малевича,11 серпня 2020 р.
3200000.0,5.0,9143.0,5.0,5.0,,350.0,,,Мічуріна,
380000.0,3.0,1990.0,15.0,47.0,2012.0,191.0,,,,7 травня 2020 р.
63000.0,2.0,808.0,22.0,25.0,,78.0,36.0,12.0,Балтійський,
85000.0,3.0,1104.0,6.0,20.0,1998.0,77.0,45.0,9.0,Азербайджанська,30 листопада 2020 р.
130032.0,,1548.0,15.0,25.0,2016.0,84.0,50.0,17.0,Зарічна,27 лютого
95700.0,3.0,1113.0,25.0,25.0,2016.0,86.0,43.0,12.0,Чавдар,19 грудня 2020 р.
50000.0,1.0,1316.0,18.0,24.0,2019.0,38.0,17.0,10.0,Правди,2 листопада 2020 р.
114900.0,3.0,1197.0,12.0,22.0,2006.0,96.0,47.0,14.0,Урлівська,30 вересня 2020 р.
41500.0,1.0,1092.0,4.0,25.0,,38.0,17.0,10.0,Бориспільська,
125000.0,3.0,1302.0,12.0,25.0,2016.0,96.0,46.0,14.0,Поправки,11 липня 2020 р.
48000.0,2.0,923.0,7.0,16.0,,52.0,,,Бориспільська,
59899.0,2.0,1393.0,9.0,9.0,1967.0,43.0,28.0,7.0,Ентузіастів,23 червня 2020 р.
83000.0,1.0,1566.0,10.0,10.0,2017.0,53.0,,,Малоземельна,21 грудня 2020 р.
335000.0,1.0,4926.0,22.0,32.0,2016.0,68.0,16.0,35.0,Саксаганського,9 лютого
98500.0,3.0,1449.0,5.0,9.0,1980.0,68.0,43.0,10.0,Героїв Сталінграда,29 вересня 2020 р.
58000.0,3.0,841.0,9.0,9.0,1971.0,69.0,,,Зодчих,16 лютого
52000.0,1.0,1576.0,10.0,24.0,2010.0,33.0,15.0,7.0,Калнишевського,27 лютого
195000.0,2.0,,,,,,,,Філатова,17 липня 2020 р.
345000.0,4.0,2054.0,10.0,18.0,2005.0,168.0,89.0,13.0,Старонаводницька,10 листопада 2020 р.
89900.0,2.0,1138.0,2.0,34.0,,79.0,32.0,20.0,Заболотного,
58000.0,1.0,1286.0,24.0,25.0,,,,,Правди,
66500.0,3.0,1023.0,5.0,9.0,1978.0,65.0,42.0,8.0,,8 листопада 2020 р.
290000.0,1.0,6444.0,22.0,24.0,2019.0,45.0,12.0,18.0,Антоновича,14 жовтня 2020 р.
380000.0,4.0,1767.0,3.0,25.0,2011.0,215.0,110.0,40.0,Шаповала,8 вересня 2020 р.
230000.0,2.0,4107.0,3.0,25.0,2019.0,56.0,,,Івана Федорова,19 лютого 2020 р.
135000.0,2.0,1800.0,5.0,10.0,2001.0,75.0,27.0,34.0,Деревлянська,1 липня 2019 р.
165000.0,3.0,1602.0,9.0,17.0,2011.0,103.0,60.0,25.0,Вільямса,1 серпня 2020 р.
107000.0,3.0,1189.0,12.0,14.0,2010.0,90.0,52.0,11.0,Васильченка,18 липня 2018 р.
139990.0,1.0,3182.0,24.0,24.0,2017.0,44.0,20.0,15.0,Предславинська,13 березня 2020 р.
31000.0,1.0,886.0,14.0,25.0,,35.0,,,Крайня,
58000.0,2.0,866.0,15.0,25.0,2009.0,67.0,32.0,12.0,Милославська,28 вересня 2020 р.
145000.0,3.0,1593.0,3.0,25.0,2018.0,91.0,68.0,17.0,Воскресенська,11 листопада 2020 р.
67900.0,2.0,1235.0,22.0,26.0,,55.0,25.0,15.0,Маланюка,
230000.0,3.0,2035.0,12.0,24.0,2007.0,113.0,53.0,15.0,Дніпровська,29 січня
240000.0,3.0,2449.0,4.0,5.0,1895.0,98.0,57.0,11.0,Пушкінська,28 січня
65280.0,1.0,1200.0,,,,,,,Набережно-Корчуватська,
150000.0,2.0,2459.0,23.0,25.0,2015.0,61.0,33.0,9.0,Зарічна,31 травня 2017 р.
499990.0,3.0,3125.0,5.0,11.0,2005.0,160.0,,,Тургенєвська,9 березня 2020 р.
66624.0,3.0,833.1,13.0,26.0,,,,,Радченка,
140000.0,3.0,1265.0,6.0,9.0,,,,38.0,Зарічна,
68900.0,1.0,1531.0,8.0,9.0,2016.0,45.0,25.0,11.0,Метрологічна,31 січня
73860.0,2.0,1319.0,5.0,9.0,,56.0,30.0,9.0,Йорданська,11 листопада 2020 р.
49500.0,2.0,1053.0,5.0,9.0,1969.0,47.0,28.0,7.0,Кольцова,26 січня
138000.0,2.0,2300.0,13.0,14.0,2017.0,60.0,30.0,10.0,Максимовича,
55500.0,2.0,911.0,,,1971.0,,28.0,,Науки,3 січня
206000.0,3.0,1943.0,18.0,20.0,2008.0,106.0,58.0,,Саперно-Слобідська,15 лютого 2016 р.
110000.0,1.0,3333.0,3.0,10.0,1977.0,33.0,20.0,,Шовковична,19 січня
250000.0,3.0,2809.0,3.0,23.0,2019.0,89.0,,,Трускавецька,12 лютого
59157.0,2.0,873.0,11.0,17.0,,,,,Гавела,
53000.0,1.0,1152.0,7.0,25.0,,46.0,,,Повітрофлотський,
58000.0,3.0,1000.0,9.0,9.0,1967.0,58.0,,8.0,Запорожця,28 жовтня 2020 р.
177000.0,2.0,2185.0,5.0,13.0,2019.0,81.0,55.0,15.0,Маккейна,21 березня 2020 р.
86000.0,1.0,1654.0,8.0,36.0,,52.0,19.0,14.0,Перемоги,
70000.0,3.0,745.0,4.0,20.0,2014.0,94.0,45.0,14.0,Щербаківського,19 вересня 2020 р.
73000.0,1.0,1521.0,20.0,26.0,2018.0,48.0,10.0,23.0,Зарічна,24 лютого
45000.0,1.0,1125.0,9.0,10.0,1994.0,40.0,18.0,9.0,Будищанська,31 січня
115000.0,1.0,2300.0,10.0,24.0,2019.0,50.0,17.0,21.0,Жилянська,26 жовтня 2020 р.
79000.0,1.0,1775.0,5.0,18.0,2015.0,,,15.0,Комбінатна,20 лютого
88000.0,2.0,989.0,4.0,25.0,2014.0,89.0,60.0,15.0,Ревуцького,23 грудня 2020 р.
29900.0,1.0,906.0,4.0,4.0,1960.0,33.0,19.0,6.0,Бородіна,11 вересня 2020 р.
189000.0,4.0,,,,,,,,Руставелі,30 січня 2020 р.
95000.0,2.0,1730.0,10.0,16.0,1993.0,,29.0,,Драгоманова,21 вересня 2020 р.
128000.0,2.0,1829.0,21.0,24.0,2014.0,70.0,30.0,19.0,Преображенська,1 січня 2020 р.
68000.0,3.0,1172.0,1.0,3.0,,58.0,35.0,6.0,Депутатська,24 лютого
85000.0,2.0,1312.0,17.0,25.0,,,38.0,14.0,Багговутівська,
160000.0,3.0,2078.0,3.0,5.0,,77.0,,,,26 лютого 2020 р.
135000.0,2.0,2596.0,24.0,25.0,2014.0,52.0,40.0,20.0,Сікорського,7 липня 2020 р.
800000.0,5.0,4000.0,,,,200.0,,,Драгомирова,26 березня 2020 р.
250000.0,3.0,2336.0,10.0,24.0,2016.0,107.0,66.0,13.0,Коперніка,21 липня 2020 р.
127000.0,2.0,1814.0,7.0,17.0,2002.0,70.0,36.0,15.0,Васильківська,20 травня 2020 р.
98000.0,1.0,1661.0,16.0,24.0,,59.0,18.0,,Глибочицька,
125000.0,3.0,1389.0,18.0,25.0,2016.0,90.0,,18.0,Чавдар,17 вересня 2020 р.
229000.0,2.0,3181.0,5.0,6.0,1935.0,72.0,42.0,10.0,Шовковична,10 червня 2020 р.
115000.0,2.0,1420.0,23.0,25.0,2007.0,81.0,41.0,16.0,Дніпровська,9 липня 2019 р.
90000.0,2.0,,,,,,,,Антоновича,9 жовтня 2020 р.
56000.0,2.0,1098.0,2.0,10.0,1987.0,51.0,30.0,8.0,,29 січня
53000.0,2.0,1000.0,9.0,14.0,1990.0,53.0,29.0,8.0,Славгородська,10 січня
250000.0,3.0,3125.0,,,,80.0,,,Драгомирова,7 червня 2019 р.
205000.0,3.0,1627.0,23.0,25.0,2010.0,126.0,74.0,14.0,Срібнокільська,24 березня 2018 р.
59950.0,3.0,517.0,10.0,16.0,2016.0,116.0,,17.0,Харченка,8 травня 2020 р.
250000.0,1.0,3571.0,4.0,14.0,2012.0,70.0,22.0,27.0,Окіпної,2 березня 2016 р.
205000.0,1.0,3796.0,13.0,14.0,2017.0,54.0,18.0,25.0,Саперне Поле,7 липня 2020 р.
38500.0,1.0,1196.0,4.0,5.0,1960.0,,,,Олени Теліги,3 грудня 2020 р.
99999.0,2.0,1667.0,15.0,26.0,2013.0,60.0,39.0,16.0,Кондратюка,15 червня 2020 р.
120000.0,3.0,1739.0,1.0,9.0,1977.0,69.0,,,Мечнікова,3 липня 2020 р.
150000.0,3.0,1829.0,5.0,12.0,1997.0,82.0,42.0,9.0,Героїв Сталінграда,4 листопада 2020 р.
285000.0,4.0,1900.0,8.0,9.0,,150.0,,22.0,Рибальська,
72500.0,2.0,1394.0,4.0,4.0,2019.0,52.0,30.0,,Березова,4 лютого
750000.0,3.0,5000.0,10.0,14.0,2017.0,150.0,95.0,18.0,Саперне Поле,27 березня 2018 р.
493000.0,4.0,4287.0,12.0,24.0,2019.0,115.0,80.0,20.0,Антоновича,21 жовтня 2020 р.
290000.0,3.0,3333.0,22.0,25.0,2019.0,87.0,55.0,15.0,Маккейна,17 вересня 2020 р.
247000.0,3.0,2100.0,13.0,17.0,2019.0,,63.0,15.0,Лейпцизька,26 липня 2020 р.
90000.0,2.0,1139.0,13.0,23.0,2015.0,79.0,34.0,18.0,Драгоманова,13 листопада 2020 р.
80000.0,3.0,1250.0,9.0,9.0,1972.0,64.0,,,Коновальця,14 вересня 2015 р.
103900.0,3.0,1071.0,21.0,25.0,,97.0,51.0,16.0,Василя Стуса,
265000.0,3.0,2944.0,13.0,17.0,2006.0,90.0,38.0,42.0,Тютюнника,26 вересня 2019 р.
105000.0,3.0,1641.0,1.0,5.0,1957.0,64.0,40.0,8.0,Січових Стрільців,31 липня 2020 р.
78000.0,2.0,1696.0,5.0,11.0,2018.0,46.0,20.0,20.0,Райдужна,21 вересня 2020 р.
44900.0,1.0,1182.0,7.0,10.0,1988.0,38.0,17.0,8.0,Закревського,21 лютого
494000.0,6.0,1502.0,8.0,10.0,1996.0,329.0,193.0,47.0,Тургенєвська,8 липня 2020 р.
46500.0,2.0,1257.0,5.0,5.0,1962.0,37.0,22.0,7.0,Васильківська,12 листопада 2020 р.
55000.0,2.0,1078.0,9.0,10.0,1982.0,51.0,31.0,8.0,Зої Космодем'янської,28 грудня 2020 р.
59280.0,2.0,874.0,5.0,26.0,,,,,Радченка,
56000.0,1.0,1273.0,11.0,25.0,,44.0,,,Сверстюка,
47500.0,1.0,1105.0,10.0,18.0,2006.0,43.0,20.0,10.0,Милославська,19 вересня 2020 р.
100000.0,2.0,1099.0,8.0,9.0,1970.0,91.0,,,Метрологічна,27 серпня 2015 р.
103000.0,1.0,2341.0,,,,44.0,,,Деміївська,21 березня 2020 р.
95000.0,3.0,1118.0,2.0,15.0,2019.0,85.0,47.0,13.0,Перемоги,9 вересня 2020 р.
76800.0,3.0,985.0,2.0,5.0,1958.0,78.0,78.0,9.0,Вишгородська,10 липня 2020 р.
257500.0,2.0,4769.0,8.0,25.0,2015.0,54.0,,,Маккейна,7 липня 2020 р.
52500.0,1.0,1094.0,9.0,22.0,,48.0,,21.0,,
302200.0,4.0,2001.0,5.0,22.0,2013.0,151.0,,,Перемоги,25 лютого
63500.0,2.0,814.0,22.0,25.0,,78.0,36.0,12.0,Балтійський,
550000.0,4.0,3416.0,8.0,26.0,2009.0,161.0,67.0,40.0,Звіринецька,14 травня 2020 р.
98700.0,2.0,1484.0,15.0,25.0,2019.0,,,19.0,Ревуцького,26 лютого
80000.0,1.0,2105.0,11.0,21.0,2017.0,38.0,12.0,15.0,Правди,8 липня 2020 р.
35000.0,1.0,946.0,8.0,9.0,1992.0,37.0,19.0,7.0,Милославська,22 лютого
56000.0,2.0,851.0,14.0,24.0,,,,,Вербицького,
36000.0,1.0,1333.0,4.0,5.0,1960.0,27.0,,,Новгородська,вчора о 01:01
87000.0,1.0,1839.0,2.0,25.0,2015.0,,25.0,10.0,Бажана,1 лютого
220000.0,5.0,1222.0,5.0,6.0,,180.0,72.0,12.0,Канівська,
109000.0,3.0,1253.0,7.0,16.0,,87.0,,,Максимовича,
125000.0,2.0,1689.0,23.0,25.0,2016.0,74.0,,,Донця,31 серпня 2020 р.
600000.0,3.0,4800.0,2.0,14.0,,125.0,,,Драгомирова,
60000.0,1.0,1277.0,5.0,16.0,,47.0,22.0,,Тираспольська,
15700000.0,3.0,157000.0,2.0,4.0,1917.0,100.0,76.0,12.0,Саксаганського,24 лютого
45000.0,1.0,1214.9,5.0,16.0,1990.0,,,,Тираспольська,18 січня
160000.0,3.0,1356.0,11.0,25.0,2015.0,118.0,85.0,33.0,Зарічна,27 листопада 2020 р.
65000.0,2.0,1413.0,11.0,16.0,1981.0,46.0,27.0,9.0,Гонгадзе,7 січня
495000.0,3.0,4420.0,13.0,39.0,2017.0,112.0,,,Українки,6 лютого 2019 р.
59000.0,2.0,1283.0,3.0,5.0,1965.0,46.0,,,Світлицького,14 грудня 2020 р.
68000.0,2.0,1447.0,5.0,10.0,1970.0,47.0,35.0,7.0,Воробйова,8 червня 2015 р.
81000.0,3.0,1012.0,17.0,25.0,2018.0,80.0,60.0,14.0,Каховська,22 січня
67000.0,1.0,1675.0,9.0,23.0,,40.0,,12.0,Глибочицька,
170000.0,3.0,1339.0,3.0,3.0,1954.0,127.0,86.0,30.0,Білокур,22 грудня 2020 р.
54500.0,1.0,996.0,23.0,25.0,,,,12.0,Балтійський,
232000.0,3.0,1706.0,11.0,13.0,2014.0,136.0,70.0,,Антоновича,4 січня
75000.0,2.0,789.0,18.0,25.0,,,,,Кондратюка,
99000.0,1.0,2152.0,3.0,4.0,1898.0,46.0,25.0,10.0,Гончара,8 липня 2020 р.
55000.0,1.0,1310.0,6.0,25.0,2019.0,42.0,13.0,9.0,Ревуцького,29 січня
475000.0,3.0,5000.0,3.0,13.0,2017.0,95.0,66.0,13.0,,
70000.0,1.0,1659.0,1.0,19.0,2006.0,,18.0,10.0,Драгоманова,1 червня 2020 р.
79900.0,2.0,1211.0,24.0,25.0,2013.0,66.0,36.0,13.0,Сім’ї Кульженків,13 грудня 2020 р.
215767.9,3.0,2157.7,8.0,16.0,2000.0,100.0,57.0,12.0,Панельна,6 грудня 2015 р.
155000.0,3.0,1550.0,13.0,16.0,2012.0,100.0,55.0,16.0,Вільямса,4 червня 2020 р.
100000.0,1.0,1667.0,13.0,25.0,2008.0,60.0,21.0,17.0,Голосіївська,вчора о 21:10
1010000.0,4.0,5674.0,23.0,26.0,2017.0,178.0,92.0,22.0,Оболонський,24 грудня 2019 р.
45000.0,1.0,1500.0,1.0,9.0,1975.0,30.0,16.0,5.0,Миколи Голего,15 лютого
80000.0,1.0,1333.0,4.0,24.0,2012.0,60.0,,,Дніпровська,21 січня
115000.0,2.0,1575.0,21.0,25.0,2015.0,73.0,37.0,15.0,Малиновського,25 січня 2017 р.
620000.0,5.0,3605.0,14.0,17.0,2001.0,172.0,93.0,13.0,Назарівська,21 жовтня 2020 р.
250500.0,6.0,1668.0,13.0,14.0,1978.0,,81.0,13.0,Гоголівська,14 січня
39000.0,1.0,1345.0,1.0,5.0,1963.0,29.0,16.0,5.0,Дорогожицька,29 січня
30970.0,1.0,1106.0,12.0,13.0,2013.0,28.0,13.0,5.0,Петропавлівська,1 лютого
360000.0,5.0,2400.0,5.0,6.0,1936.0,150.0,120.0,15.0,Грушевського,13 грудня 2018 р.
250000.0,2.0,2976.0,15.0,23.0,2008.0,84.0,60.0,15.0,Іллєнка,8 лютого
95000.0,1.0,1863.0,22.0,25.0,2018.0,51.0,14.0,20.0,Липківського,4 серпня 2020 р.
63900.0,1.0,761.0,13.0,14.0,2013.0,84.0,44.0,18.0,Ушинського,17 липня 2020 р.
81000.0,2.0,1528.0,13.0,25.0,2020.0,53.0,,,Польова,19 вересня 2020 р.
219000.0,1.0,3776.0,2.0,9.0,2019.0,58.0,20.0,20.0,Саперне Поле,16 жовтня 2020 р.
162000.0,3.0,1604.0,19.0,26.0,2017.0,101.0,55.0,25.0,Панельна,29 грудня 2020 р.
199000.0,2.0,2073.0,10.0,25.0,2005.0,96.0,43.0,16.0,Коновальця,2 вересня 2020 р.
260000.0,3.0,2321.0,14.0,18.0,2013.0,112.0,60.0,17.0,Хмельницького,12 лютого 2018 р.
163000.0,1.0,3622.0,2.0,22.0,2015.0,45.0,22.0,12.0,Маккейна,27 листопада 2019 р.
499000.0,2.0,4990.0,22.0,25.0,2019.0,100.0,,,Антоновича,2 жовтня 2019 р.
310000.0,3.0,1925.0,3.0,18.0,2009.0,161.0,120.0,35.0,Толстого,28 жовтня 2020 р.
99800.0,3.0,1535.0,6.0,8.0,1962.0,65.0,,,Дружби Народів,17 січня
130000.0,1.0,3023.0,9.0,26.0,,43.0,,,Оболонський,
70000.0,2.0,1273.0,4.0,5.0,1938.0,55.0,39.0,8.0,Багговутівська,17 грудня 2020 р.
44500.0,2.0,1025.0,1.0,5.0,1961.0,,29.0,6.0,Антонова,2 вересня 2020 р.
199000.0,2.0,2488.0,2.0,5.0,1937.0,80.0,40.0,,Володимирська,4 листопада 2019 р.
120000.0,2.0,2500.0,9.0,9.0,1972.0,48.0,,,Українки,5 серпня 2020 р.
68750.0,2.0,892.9,7.0,16.0,,77.0,34.0,12.0,Сім’ї Кульженків,
162000.0,3.0,1800.0,11.0,26.0,2005.0,90.0,48.0,23.0,Коновальця,16 квітня 2018 р.
209000.0,2.0,2580.0,2.0,10.0,2003.0,81.0,40.0,15.0,Мирного,5 серпня 2020 р.
275000.0,2.0,2926.0,15.0,16.0,2006.0,94.0,,48.0,Московська,16 січня
38000.0,1.0,1056.0,8.0,9.0,1984.0,36.0,18.0,8.0,Жмеринська,28 лютого
114000.0,3.0,1583.0,6.0,7.0,1959.0,72.0,51.0,9.0,Бойчука,30 жовтня 2020 р.
161000.0,2.0,1809.0,17.0,25.0,2018.0,89.0,,,Липківського,15 травня 2020 р.
330000.0,3.0,3000.0,18.0,24.0,2018.0,110.0,60.0,40.0,Лабораторний,15 травня 2020 р.
1500000.0,5.0,5000.0,,,,300.0,,,Інститутська,10 грудня 2020 р.
99000.0,3.0,1375.0,9.0,10.0,1977.0,72.0,,,Українки,14 квітня 2020 р.
295000.0,3.0,2757.0,6.0,6.0,1914.0,107.0,74.0,11.0,Хрещатик,7 липня 2020 р.
62000.0,1.0,1512.0,2.0,25.0,,41.0,14.0,14.0,Дніпровська,
108000.0,1.0,2160.0,2.0,25.0,2019.0,50.0,30.0,10.0,Осокорська,14 січня
255000.0,4.0,2024.0,16.0,25.0,2016.0,126.0,70.0,15.0,Саперне Поле,31 травня 2017 р.
68000.0,3.0,907.0,5.0,15.0,1993.0,75.0,43.0,8.0,Комарова,24 квітня 2019 р.
164000.0,2.0,2702.0,30.0,30.0,,,,12.0,Драгомирова,
139000.0,3.0,1252.0,23.0,36.0,2007.0,111.0,60.0,18.0,Срібнокільська,25 серпня 2019 р.
115000.0,2.0,1337.0,11.0,25.0,2008.0,86.0,,,Чоколівський,12 лютого
104000.0,1.0,1857.0,10.0,24.0,,56.0,16.0,16.0,Звіринецька,
85000.0,1.0,1518.0,7.0,14.0,,56.0,20.0,14.0,Вишгородська,
190000.0,2.0,3585.0,3.0,20.0,2019.0,53.0,18.0,20.0,Драгомирова,
229000.0,3.0,2140.0,7.0,25.0,2007.0,107.0,50.0,,Героїв Сталінграда,2 березня 2016 р.
65000.0,2.0,1161.0,3.0,4.0,1952.0,56.0,34.0,9.0,Будівельників,28 грудня 2020 р.
250000.0,2.0,2976.0,15.0,23.0,2008.0,84.0,60.0,15.0,Іллєнка,8 лютого
105000.0,3.0,1117.0,6.0,22.0,2010.0,94.0,47.0,15.0,Урлівська,10 листопада 2020 р.
57000.0,2.0,919.0,15.0,21.0,,62.0,26.0,26.0,Сормовська,
65000.0,1.0,1182.0,5.0,18.0,,55.0,,21.0,Правди,
98000.0,2.0,1388.0,8.0,25.0,2006.0,,,,Верховинна,22 вересня 2020 р.
55000.0,2.0,1058.0,2.0,9.0,1986.0,52.0,29.0,8.0,Вербицького,вчора о 14:30
55000.0,1.0,1618.0,5.0,33.0,,34.0,,9.0,,
115000.0,2.0,2170.0,7.0,7.0,1961.0,53.0,35.0,,Велика Васильківська,4 вересня 2020 р.
158364.0,2.0,1760.0,4.0,11.0,,90.0,45.0,20.0,Бойчука,
80000.0,1.0,2000.0,11.0,25.0,2011.0,40.0,19.0,11.0,Лобановського,5 травня 2016 р.
41000.0,2.0,909.0,2.0,3.0,1959.0,,,,Миколи Шепелєва,28 січня
435000.0,2.0,3625.0,2.0,10.0,1998.0,120.0,85.0,10.0,Кропивницького,5 липня 2020 р.
100000.0,1.0,2000.0,3.0,23.0,2016.0,50.0,28.0,20.0,Трускавецька,4 березня 2019 р.
110000.0,1.0,1930.0,19.0,25.0,2008.0,57.0,,,Голосіївська,29 жовтня 2020 р.
88107.1,2.0,1223.7,23.0,26.0,,72.0,34.0,15.0,Маланюка,
130000.0,1.0,2653.0,4.0,16.0,,49.0,18.0,16.0,Драгомирова,
125000.0,2.0,1866.0,4.0,9.0,2018.0,67.0,,,Юнацька,14 січня
89000.0,2.0,1413.0,12.0,14.0,2013.0,63.0,,11.0,Максимовича,19 грудня 2020 р.
110000.0,3.0,1122.0,4.0,25.0,2010.0,98.0,59.0,14.0,Комарова,12 вересня 2020 р.
70000.0,2.0,1167.0,7.0,12.0,2019.0,60.0,26.0,,Багговутівська,29 вересня 2020 р.
46000.0,1.0,1000.0,8.0,26.0,,46.0,,,,
84000.0,2.0,1400.0,14.0,24.0,,60.0,,10.0,Костанайська,
160000.0,3.0,1250.0,3.0,10.0,2010.0,128.0,69.0,18.0,Срібнокільська,31 січня 2020 р.
42000.0,2.0,913.0,9.0,9.0,1970.0,46.0,,,Курчатова,18 лютого
61000.0,1.0,1743.0,8.0,9.0,1974.0,35.0,17.0,6.0,Гусовського,23 лютого
130000.0,3.0,1512.0,5.0,9.0,1972.0,86.0,43.0,9.0,Українки,2 грудня 2020 р.
120000.0,3.0,1091.0,3.0,16.0,2002.0,110.0,54.0,13.0,Драгоманова,28 жовтня 2020 р.
250000.0,2.0,2874.0,11.0,23.0,2012.0,87.0,56.0,31.0,Дніпровська,17 квітня 2020 р.
125000.0,3.0,1322.0,19.0,34.0,,,,,Заболотного,
79235.0,2.0,1152.0,14.0,34.0,,,,,Заболотного,
113261.0,2.0,1421.0,9.0,36.0,1961.0,,,,Перемоги,28 листопада 2020 р.
62000.0,1.0,1403.0,24.0,25.0,,,,,Сверстюка,
131000.0,2.0,2620.0,15.0,25.0,2016.0,50.0,,21.0,Липківського,29 січня
300000.0,1.0,4000.0,18.0,24.0,2015.0,75.0,28.0,25.0,Маккейна,26 вересня 2020 р.
108000.0,3.0,1200.0,3.0,24.0,,90.0,54.0,10.0,Дніпровська,
47000.0,1.0,1621.0,2.0,5.0,1964.0,29.0,15.0,5.0,Волгоградська,15 жовтня 2020 р.
57000.0,2.0,919.0,2.0,25.0,,62.0,45.0,14.0,Новопольова,
135482.1,2.0,1782.6,1.0,25.0,2015.0,76.0,,,Драгоманова,24 лютого 2020 р.
149000.0,4.0,1192.0,3.0,8.0,2019.0,125.0,72.0,17.0,Лебедєва,17 грудня 2020 р.
85000.0,2.0,1977.0,1.0,5.0,1962.0,43.0,27.0,4.0,,1 жовтня 2018 р.
123900.0,2.0,1721.0,6.0,30.0,,72.0,46.0,15.0,Драгомирова,
150000.0,1.0,2727.0,3.0,17.0,2019.0,55.0,,,Лейпцизька,6 грудня 2019 р.
285000.0,3.0,2568.0,4.0,22.0,2014.0,111.0,60.0,35.0,Глибочицька,19 жовтня 2020 р.
115000.0,3.0,1106.0,5.0,9.0,2005.0,104.0,65.0,20.0,Салютна,23 січня
45900.0,2.0,1020.0,1.0,5.0,1965.0,45.0,30.0,4.0,Метрологічна,5 жовтня 2020 р.
60000.0,2.0,952.0,18.0,25.0,,63.0,26.0,17.0,Північно-Сирецька,
115000.0,2.0,1742.0,15.0,25.0,2018.0,66.0,30.0,18.0,Правди,24 грудня 2020 р.
44000.0,1.0,1023.0,24.0,26.0,2018.0,43.0,28.0,12.0,Вернадського,27 жовтня 2020 р.
85000.0,2.0,1700.0,4.0,25.0,2016.0,50.0,25.0,10.0,Пчілки,15 лютого
183693.7,2.0,2213.2,8.0,25.0,2019.0,83.0,44.0,15.0,Лейпцизька,2 червня 2020 р.
200000.0,3.0,2083.0,2.0,5.0,1959.0,96.0,73.0,7.0,Басейна,3 липня 2020 р.
138000.0,2.0,2060.0,13.0,25.0,2011.0,67.0,,,Шаповала,8 грудня 2020 р.
39500.0,1.0,1013.0,20.0,25.0,,39.0,,10.0,Бережанська,
123500.0,2.0,1506.0,6.0,26.0,,82.0,,18.0,Бойчука,
80000.0,2.0,1250.0,11.0,16.0,,64.0,35.0,16.0,Перемоги,
1976000.0,5.0,3800.0,17.0,25.0,2019.0,520.0,,20.0,Івана Федорова,28 листопада 2020 р.
320000.0,2.0,3232.0,13.0,24.0,2019.0,99.0,47.0,13.0,Антоновича,16 листопада 2020 р.
110000.0,2.0,1735.0,1.0,12.0,2003.0,,,,Вільямса,14 лютого
92000.0,2.0,1686.8,18.0,26.0,,,,31.0,Бойчука,
101000.0,1.0,1772.0,33.0,36.0,,57.0,,,Перемоги,
849000.0,,,,,2001.0,,,,Ковпака,6 лютого 2019 р.
85000.0,2.0,1545.0,6.0,16.0,1973.0,55.0,22.0,7.0,Русанівський,24 вересня 2020 р.
330000.0,3.0,2481.0,7.0,21.0,2010.0,133.0,70.0,22.0,Українки,7 липня 2020 р.
33900.0,1.0,1169.0,4.0,5.0,1969.0,29.0,16.0,7.0,Празька,26 лютого
165000.0,4.0,2062.0,4.0,4.0,,80.0,56.0,11.0,Гончара,
270000.0,2.0,3333.0,11.0,13.0,2019.0,81.0,32.0,20.0,Маккейна,15 вересня 2020 р.
40000.0,1.0,995.0,14.0,25.0,,,,12.0,Балтійський,
104000.0,1.0,2122.0,13.0,26.0,2015.0,49.0,25.0,14.0,Білоруська,29 вересня 2020 р.
75000.0,1.0,1442.0,4.0,25.0,2016.0,52.0,18.0,14.0,Драгоманова,8 жовтня 2020 р.
115000.0,2.0,1613.0,4.0,25.0,,,,,Липківського,
58000.0,1.0,1758.0,8.0,9.0,1972.0,33.0,19.0,,Новогоспітальна,29 вересня 2017 р.
30540.0,1.0,1021.4,9.0,26.0,,,,,Радченка,
259999.0,5.0,1625.0,5.0,6.0,1936.0,160.0,85.0,40.0,Богомольця,12 серпня 2020 р.
140000.0,3.0,1842.0,26.0,26.0,2016.0,76.0,49.0,10.0,Донця,17 листопада 2020 р.
160000.0,2.0,2078.0,3.0,26.0,,77.0,36.0,13.0,Оболонський,
200714.3,4.0,2007.1,2.0,2.0,,100.0,80.0,20.0,Щекавицька,
65000.0,3.0,1048.0,3.0,9.0,1960.0,62.0,43.0,9.0,Пожарського,14 грудня 2020 р.
74000.0,3.0,1000.0,7.0,9.0,1975.0,74.0,48.0,8.0,Полкова,21 грудня 2020 р.
66500.0,3.0,1147.0,3.0,5.0,1961.0,58.0,42.0,7.0,Донця,15 вересня 2020 р.
67000.0,2.0,1218.0,3.0,16.0,1993.0,55.0,30.0,8.0,Палладіна,28 жовтня 2020 р.
110000.0,2.0,1630.0,12.0,24.0,,,,37.0,Бойчука,
127000.0,2.0,1512.0,14.0,24.0,2018.0,84.0,43.0,14.0,Липківського,18 лютого
180000.0,2.0,1915.0,4.0,10.0,2005.0,94.0,45.0,15.0,Павлівська,4 грудня 2017 р.
63000.0,3.0,875.0,3.0,9.0,1977.0,72.0,45.0,7.0,Івашкевича,2 лютого
42900.0,2.0,998.0,1.0,5.0,,43.0,29.0,,Іскрівська,23 січня
95000.0,3.0,1234.0,16.0,25.0,2017.0,77.0,45.0,12.0,Максимовича,19 січня
255000.0,4.0,2318.0,3.0,4.0,1900.0,110.0,68.0,13.0,,12 вересня 2019 р.
100357.1,2.0,1593.0,6.0,30.0,,63.0,35.0,8.0,Драгомирова,
115000.0,1.0,2614.0,2.0,7.0,2019.0,44.0,14.0,21.0,Теремківська,27 вересня 2020 р.
113300.0,3.0,1218.0,15.0,21.0,,93.0,55.0,11.0,Осокорська,
268000.0,4.0,1381.0,18.0,20.0,2010.0,194.0,93.0,35.0,Дмитрівська,11 грудня 2020 р.
140000.0,3.0,1273.0,3.0,26.0,,110.0,,,Кондратюка,
146000.0,3.0,1718.0,1.0,9.0,2015.0,85.0,40.0,17.0,Регенераторна,5 листопада 2020 р.
63000.0,3.0,900.0,23.0,23.0,,70.0,34.0,14.0,,
495000.0,3.0,3367.0,14.0,23.0,2014.0,147.0,50.0,40.0,Глибочицька,23 вересня 2020 р.
275000.0,3.0,2644.0,5.0,24.0,2008.0,104.0,70.0,14.0,Героїв Сталінграда,27 травня 2019 р.
73500.0,2.0,1361.0,2.0,9.0,1966.0,54.0,32.0,8.0,Борщагівська,23 грудня 2020 р.
57000.0,2.0,1056.0,7.0,26.0,,54.0,28.0,9.0,Ревуцького,
121860.0,2.0,1741.0,2.0,9.0,2018.0,70.0,45.0,14.0,Юнацька,26 січня
73000.0,2.0,1000.0,21.0,25.0,,73.0,,,Заболотного,
39000.0,1.0,1147.0,3.0,5.0,1960.0,34.0,18.0,8.0,Автозаводська,10 серпня 2020 р.
92284.0,2.0,1138.0,6.0,34.0,,,,,Заболотного,
210000.0,2.0,1736.0,14.0,24.0,2008.0,121.0,60.0,30.0,Саксаганського,30 квітня 2020 р.
139900.0,4.0,1260.0,6.0,9.0,,111.0,,,Зарічна,
145000.0,2.0,1686.0,17.0,23.0,2005.0,86.0,48.0,12.0,,23 листопада 2020 р.
140000.0,2.0,2188.0,10.0,14.0,,64.0,34.0,15.0,Невська,
76000.0,3.0,1086.0,6.0,9.0,1980.0,70.0,34.0,10.0,Героїв Сталінграда,7 серпня 2020 р.
65500.0,1.0,1770.0,20.0,27.0,2019.0,37.0,14.0,9.0,Вишняківська,22 грудня 2020 р.
796000.0,4.0,4020.0,7.0,15.0,,198.0,65.0,67.0,Драгомирова,
97926.0,1.0,1900.0,9.0,30.0,,,,,Драгомирова,
46000.0,1.0,1438.0,2.0,5.0,1963.0,32.0,19.0,6.0,Гавела,19 лютого
115000.0,3.0,1135.0,13.0,25.0,2004.0,,,,Здолбунівська,22 листопада 2016 р.
430000.0,3.0,3909.0,8.0,22.0,2014.0,110.0,62.0,14.0,Драгомирова,15 лютого
3210000.0,5.0,8025.0,10.0,10.0,1961.0,400.0,250.0,50.0,Мечнікова,28 лютого
475000.0,3.0,5000.0,3.0,13.0,2017.0,95.0,66.0,13.0,,
127900.0,2.0,1776.0,13.0,24.0,2017.0,72.0,35.0,17.0,Максимовича,21 листопада 2020 р.
75000.0,2.0,1250.0,4.0,5.0,1938.0,60.0,45.0,9.0,Багговутівська,16 лютого 2019 р.
90005.0,,1915.0,8.0,15.0,,47.0,17.0,20.0,Шолуденка,
284999.0,2.0,3202.0,3.0,18.0,2005.0,89.0,50.0,16.0,Щекавицька,4 червня 2020 р.
51000.0,3.0,850.0,2.0,9.0,1972.0,60.0,40.0,6.0,Коласа,25 вересня 2020 р.
320000.0,3.0,3107.0,8.0,24.0,2013.0,103.0,,16.0,,30 травня 2017 р.
43000.0,2.0,782.0,24.0,26.0,,55.0,,11.0,,
91000.0,1.0,1750.0,33.0,35.0,,52.0,20.0,22.0,Перемоги,
185000.0,2.0,2256.0,6.0,9.0,,82.0,35.0,24.0,,
49990.0,3.0,757.0,8.0,9.0,1976.0,66.0,45.0,8.0,Наумова,14 квітня 2020 р.
89000.0,1.0,2342.0,7.0,15.0,,38.0,20.0,7.0,Перемоги,
170000.0,2.0,2656.0,5.0,7.0,1948.0,64.0,,9.0,Велика Васильківська,6 березня 2019 р.
29256.6,1.0,978.5,1.0,5.0,,,,,Червоноткацька,
46500.0,2.0,1011.0,5.0,5.0,1963.0,46.0,31.0,7.0,Вишгородська,24 лютого
